,Date,Daily Brokerage,Signals
0,2019-01-01,80,"beginx, hold, squareoff"
1,2019-01-02,220,"beginx, squareoff, hold, sell"
2,2019-01-03,220,"beginx, squareoff, hold, sell"
3,2019-01-04,80,"beginx, hold, squareoff"
4,2019-01-07,80,"beginx, hold, squareoff"
5,2019-01-08,140,"beginx, squareoff, hold, buy"
6,2019-01-09,220,"beginx, squareoff, hold, buy"
7,2019-01-10,140,"beginx, squareoff, hold, buy"
8,2019-01-11,220,"beginx, squareoff, hold, sell"
9,2019-01-14,80,"beginx, hold, squareoff"
10,2019-01-15,80,"beginx, hold, squareoff"
11,2019-01-16,140,"beginx, squareoff, hold, buy"
12,2019-01-17,220,"beginx, squareoff, hold, sell"
13,2019-01-18,140,"beginx, squareoff, hold, buy"
14,2019-01-21,140,"beginx, squareoff, hold, buy"
15,2019-01-22,220,"beginx, squareoff, hold, sell"
16,2019-01-23,140,"beginx, squareoff, hold, sell"
17,2019-01-24,140,"beginx, squareoff, hold, sell"
18,2019-01-25,80,"beginx, hold, squareoff"
19,2019-01-28,80,"beginx, hold, squareoff"
20,2019-01-29,80,"beginx, hold, squareoff"
21,2019-01-30,140,"beginx, hold, hard-squareoff, buy"
22,2019-01-31,80,"beginx, hold, squareoff"
23,2019-02-01,80,"beginx, hold, squareoff"
24,2019-02-04,140,"beginx, squareoff, hold, sell"
25,2019-02-05,140,"beginx, squareoff, hold, buy"
26,2019-02-06,80,"beginx, hold, squareoff"
27,2019-02-07,80,"beginx, hold, squareoff"
28,2019-02-08,80,"beginx, hold, squareoff"
29,2019-02-11,140,"beginx, squareoff, hold, sell"
30,2019-02-12,80,"beginx, hold, squareoff"
31,2019-02-13,220,"beginx, squareoff, hold, buy"
32,2019-02-14,80,"beginx, hold, squareoff"
33,2019-02-15,80,"beginx, hold, squareoff"
34,2019-02-18,140,"beginx, squareoff, hold, sell"
35,2019-02-19,140,"beginx, hold, hard-squareoff, buy"
36,2019-02-20,140,"beginx, squareoff, hold, buy"
37,2019-02-21,80,"beginx, hold, squareoff"
38,2019-02-22,140,"beginx, squareoff, hold, buy"
39,2019-02-25,220,"beginx, squareoff, hold, buy"
40,2019-02-26,140,"beginx, squareoff, hold, buy"
41,2019-02-27,80,"beginx, hold, squareoff"
42,2019-02-28,220,"beginx, squareoff, hold, sell"
43,2019-03-01,140,"beginx, squareoff, hold, buy"
44,2019-03-05,80,"beginx, hold, squareoff"
45,2019-03-06,140,"beginx, squareoff, hold, buy"
46,2019-03-07,140,"beginx, squareoff, hold, buy"
47,2019-03-08,80,"beginx, hold, squareoff"
48,2019-03-11,80,"beginx, hold, squareoff"
49,2019-03-12,220,"beginx, squareoff, hold, buy"
50,2019-03-13,140,"beginx, squareoff, hold, buy"
51,2019-03-14,140,"beginx, squareoff, hold, buy"
52,2019-03-15,80,"beginx, hold, squareoff"
53,2019-03-18,80,"beginx, hold, squareoff"
54,2019-03-19,140,"beginx, squareoff, hold, buy"
55,2019-03-20,140,"beginx, squareoff, hold, buy"
56,2019-03-22,140,"beginx, squareoff, hold, sell"
57,2019-03-25,80,"beginx, hold, squareoff"
58,2019-03-26,80,"beginx, hold, squareoff"
59,2019-03-27,140,"beginx, hold, hard-squareoff, buy"
60,2019-03-28,140,"beginx, squareoff, hold, buy"
61,2019-03-29,140,"beginx, squareoff, hold, buy"
62,2019-04-01,80,"beginx, hold, squareoff"
63,2019-04-02,80,"beginx, hold, squareoff"
64,2019-04-03,220,"beginx, squareoff, hold, buy"
65,2019-04-04,80,"beginx, hold, squareoff"
66,2019-04-05,140,"beginx, squareoff, hold, buy"
67,2019-04-08,220,"beginx, squareoff, hold, sell"
68,2019-04-09,140,"beginx, squareoff, hold, buy"
69,2019-04-10,220,"beginx, squareoff, hold, buy"
70,2019-04-11,80,"beginx, hold, squareoff"
71,2019-04-12,220,"beginx, squareoff, hold, buy"
72,2019-04-15,80,"beginx, hold, squareoff"
73,2019-04-16,80,"beginx, hold, squareoff"
74,2019-04-18,140,"beginx, squareoff, hold, sell"
75,2019-04-22,80,"beginx, hold, squareoff"
76,2019-04-23,140,"beginx, squareoff, hold, sell"
77,2019-04-24,80,"beginx, hold, squareoff"
78,2019-04-25,80,"beginx, hold, squareoff"
79,2019-04-26,80,"beginx, hold, squareoff"
80,2019-04-30,140,"beginx, squareoff, hold, buy"
81,2019-05-02,140,"beginx, squareoff, hold, sell"
82,2019-05-03,220,"beginx, squareoff, hold, buy"
83,2019-05-06,80,"beginx, hold, squareoff"
84,2019-05-07,220,"beginx, squareoff, hold, sell"
85,2019-05-08,80,"beginx, hold, squareoff"
86,2019-05-09,80,"beginx, hold, squareoff"
87,2019-05-10,220,"beginx, squareoff, hold, buy"
88,2019-05-13,140,"beginx, squareoff, hold, sell"
89,2019-05-14,80,"beginx, hold, squareoff"
90,2019-05-15,140,"beginx, hold, hard-squareoff, buy"
91,2019-05-16,140,"beginx, hold, hard-squareoff, sell"
92,2019-05-17,80,"beginx, hold, squareoff"
93,2019-05-20,80,"beginx, hold, squareoff"
94,2019-05-21,80,"beginx, hold, squareoff"
95,2019-05-22,140,"beginx, hold, hard-squareoff, sell"
96,2019-05-23,140,"beginx, hold, hard-squareoff, sell"
97,2019-05-24,80,"beginx, hold, squareoff"
98,2019-05-27,80,"beginx, hold, squareoff"
99,2019-05-28,140,"beginx, squareoff, hold, sell"
100,2019-05-29,140,"beginx, squareoff, hold, sell"
101,2019-05-30,80,"beginx, hold, squareoff"
102,2019-05-31,80,"beginx, hold, hard-squareoff"
103,2019-06-03,220,"beginx, squareoff, hold, buy"
104,2019-06-04,80,"beginx, hold, squareoff"
105,2019-06-06,80,"beginx, hold, squareoff"
106,2019-06-07,80,"beginx, hold, squareoff"
107,2019-06-10,80,"beginx, hold, squareoff"
108,2019-06-11,80,"beginx, hold, squareoff"
109,2019-06-12,80,"beginx, hold, squareoff"
110,2019-06-13,140,"beginx, squareoff, hold, buy"
111,2019-06-14,140,"beginx, squareoff, hold, sell"
112,2019-06-17,80,"beginx, hold, squareoff"
113,2019-06-18,140,"beginx, squareoff, hold, sell"
114,2019-06-19,140,"beginx, squareoff, hold, sell"
115,2019-06-20,220,"beginx, squareoff, hold, buy"
116,2019-06-21,80,"beginx, hold, squareoff"
117,2019-06-24,140,"beginx, squareoff, hold, sell"
118,2019-06-25,220,"beginx, squareoff, hold, buy"
119,2019-06-26,140,"beginx, squareoff, hold, buy"
120,2019-06-27,80,"beginx, hold, squareoff"
121,2019-06-28,80,"beginx, hold, squareoff"
122,2019-07-01,140,"beginx, squareoff, hold, buy"
123,2019-07-02,140,"beginx, squareoff, hold, buy"
124,2019-07-03,140,"beginx, squareoff, hold, buy"
125,2019-07-04,140,"beginx, squareoff, hold, buy"
126,2019-07-05,220,"beginx, squareoff, hold, sell"
127,2019-07-08,80,"beginx, hold, hard-squareoff"
128,2019-07-09,140,"beginx, squareoff, hold, buy"
129,2019-07-10,140,"beginx, squareoff, hold, sell"
130,2019-07-11,80,"beginx, hold, squareoff"
131,2019-07-12,220,"beginx, squareoff, hold, buy"
132,2019-07-15,80,"beginx, hold, squareoff"
133,2019-07-16,80,"beginx, hold, squareoff"
134,2019-07-17,80,"beginx, hold, squareoff"
135,2019-07-18,220,"beginx, squareoff, hold, sell"
136,2019-07-19,80,"beginx, hold, squareoff"
137,2019-07-22,80,"beginx, hold, squareoff"
138,2019-07-23,220,"beginx, squareoff, hold, buy"
139,2019-07-24,140,"beginx, squareoff, hold, sell"
140,2019-07-25,140,"beginx, squareoff, hold, sell"
141,2019-07-26,80,"beginx, hold, squareoff"
142,2019-07-29,80,"beginx, hold, squareoff"
143,2019-07-30,220,"beginx, squareoff, hold, sell"
144,2019-07-31,80,"beginx, hold, squareoff"
145,2019-08-01,220,"beginx, squareoff, hold, sell"
146,2019-08-02,220,"beginx, squareoff, hold, buy"
147,2019-08-05,80,"beginx, hold, squareoff"
148,2019-08-06,220,"beginx, squareoff, hold, buy"
149,2019-08-07,140,"beginx, squareoff, hold, sell"
150,2019-08-08,140,"beginx, squareoff, hold, buy"
151,2019-08-09,80,"beginx, hold, squareoff"
152,2019-08-13,220,"beginx, squareoff, hold, sell"
153,2019-08-14,80,"beginx, hold, squareoff"
154,2019-08-16,140,"beginx, squareoff, hold, buy"
155,2019-08-19,80,"beginx, hold, squareoff"
156,2019-08-20,80,"beginx, hold, squareoff"
157,2019-08-21,220,"beginx, squareoff, hold, sell"
158,2019-08-22,80,"beginx, hold, squareoff"
159,2019-08-23,80,"beginx, hold, squareoff"
160,2019-08-26,220,"beginx, squareoff, hold, buy"
161,2019-08-27,80,"beginx, hold, squareoff"
162,2019-08-28,140,"beginx, squareoff, hold, sell"
163,2019-08-29,140,"beginx, squareoff, hold, sell"
164,2019-08-30,220,"beginx, squareoff, hold, sell"
165,2019-09-03,140,"beginx, squareoff, hold, sell"
166,2019-09-04,80,"beginx, hold, squareoff"
167,2019-09-05,140,"beginx, hold, hard-squareoff, buy"
168,2019-09-06,220,"beginx, squareoff, hold, buy"
169,2019-09-09,80,"beginx, hold, squareoff"
170,2019-09-11,140,"beginx, squareoff, hold, buy"
171,2019-09-12,140,"beginx, squareoff, hold, sell"
172,2019-09-13,140,"beginx, hold, hard-squareoff, sell"
173,2019-09-16,140,"beginx, squareoff, hold, sell"
174,2019-09-17,80,"beginx, hold, squareoff"
175,2019-09-18,140,"beginx, squareoff, hold, sell"
176,2019-09-19,80,"beginx, hold, squareoff"
177,2019-09-20,80,"beginx, hold, hard-squareoff"
178,2019-09-23,80,"beginx, hold, squareoff"
179,2019-09-24,140,"beginx, squareoff, hold, buy"
180,2019-09-25,80,"beginx, hold, squareoff"
181,2019-09-26,140,"beginx, squareoff, hold, buy"
182,2019-09-27,140,"beginx, squareoff, hold, sell"
183,2019-09-30,80,"beginx, hold, squareoff"
184,2019-10-01,220,"beginx, squareoff, hold, sell"
185,2019-10-03,140,"beginx, squareoff, hold, sell"
186,2019-10-04,140,"beginx, squareoff, hold, sell"
187,2019-10-07,140,"beginx, squareoff, hold, sell"
188,2019-10-09,220,"hard-squareoff, beginx, squareoff, hold, buy"
189,2019-10-10,140,"beginx, squareoff, hold, sell"
190,2019-10-11,80,"beginx, hold, squareoff"
191,2019-10-14,80,"beginx, hold, squareoff"
192,2019-10-15,220,"beginx, squareoff, hold, buy"
193,2019-10-16,140,"beginx, squareoff, hold, buy"
194,2019-10-17,80,"beginx, hold, squareoff"
195,2019-10-18,80,"beginx, hold, squareoff"
196,2019-10-22,80,"beginx, hold, squareoff"
197,2019-10-23,80,"beginx, hold, squareoff"
198,2019-10-24,140,"beginx, squareoff, hold, sell"
199,2019-10-25,220,"beginx, squareoff, hold, sell"
200,2019-10-29,80,"beginx, hold, hard-squareoff"
201,2019-10-30,140,"beginx, squareoff, hold, buy"
202,2019-10-31,80,"beginx, hold, squareoff"
203,2019-11-01,80,"beginx, hold, squareoff"
204,2019-11-04,80,"beginx, hold, squareoff"
205,2019-11-05,140,"beginx, squareoff, hold, sell"
206,2019-11-06,140,"beginx, squareoff, hold, buy"
207,2019-11-07,140,"beginx, squareoff, hold, buy"
208,2019-11-08,140,"beginx, hold, hard-squareoff, buy"
209,2019-11-11,80,"beginx, hold, squareoff"
210,2019-11-13,220,"beginx, squareoff, hold, sell"
211,2019-11-14,140,"beginx, squareoff, hold, buy"
212,2019-11-15,140,"beginx, squareoff, hold, buy"
213,2019-11-18,140,"beginx, squareoff, hold, sell"
214,2019-11-19,80,"beginx, hold, squareoff"
215,2019-11-20,80,"beginx, hold, squareoff"
216,2019-11-21,140,"beginx, squareoff, hold, sell"
217,2019-11-22,80,"beginx, hold, squareoff"
218,2019-11-25,80,"beginx, hold, squareoff"
219,2019-11-26,80,"beginx, hold, squareoff"
220,2019-11-27,140,"beginx, squareoff, hold, buy"
221,2019-11-28,80,"beginx, hold, squareoff"
222,2019-11-29,80,"beginx, hold, squareoff"
223,2019-12-02,140,"beginx, squareoff, hold, sell"
224,2019-12-03,80,"beginx, hold, squareoff"
225,2019-12-04,140,"beginx, hold, hard-squareoff, sell"
226,2019-12-05,140,"beginx, hold, hard-squareoff, buy"
227,2019-12-06,220,"beginx, squareoff, hold, sell"
228,2019-12-09,80,"beginx, hold, squareoff"
229,2019-12-10,220,"beginx, squareoff, hold, sell"
230,2019-12-11,140,"beginx, squareoff, hold, sell"
231,2019-12-12,220,"beginx, squareoff, hold, buy"
232,2019-12-13,80,"beginx, hold, squareoff"
233,2019-12-16,80,"beginx, hold, squareoff"
234,2019-12-17,80,"beginx, hold, squareoff"
235,2019-12-18,80,"beginx, hold, squareoff"
236,2019-12-19,80,"beginx, hold, squareoff"
237,2019-12-20,140,"beginx, squareoff, hold, buy"
238,2019-12-23,140,"beginx, squareoff, hold, sell"
239,2019-12-24,140,"beginx, squareoff, hold, sell"
240,2019-12-26,80,"beginx, hold, squareoff"
241,2019-12-27,140,"beginx, squareoff, hold, buy"
242,2019-12-30,80,"beginx, hold, squareoff"
243,2019-12-31,140,"beginx, squareoff, hold, sell"
244,2020-01-01,80,"beginx, hold, squareoff"
245,2020-01-02,80,"beginx, hold, squareoff"
246,2020-01-03,80,"beginx, hold, squareoff"
247,2020-01-06,80,"beginx, hold, squareoff"
248,2020-01-07,80,"beginx, hold, squareoff"
249,2020-01-08,80,"beginx, hold, squareoff"
250,2020-01-09,80,"beginx, hold, squareoff"
251,2020-01-10,80,"beginx, hold, squareoff"
252,2020-01-13,140,"beginx, squareoff, hold, buy"
253,2020-01-14,140,"beginx, squareoff, hold, buy"
254,2020-01-15,80,"beginx, hold, squareoff"
255,2020-01-16,80,"beginx, hold, squareoff"
256,2020-01-17,80,"beginx, hold, squareoff"
257,2020-01-20,80,"beginx, hold, squareoff"
258,2020-01-21,140,"beginx, squareoff, hold, sell"
259,2020-01-22,80,"beginx, hold, squareoff"
260,2020-01-23,140,"beginx, squareoff, hold, buy"
261,2020-01-24,80,"beginx, hold, squareoff"
262,2020-01-27,220,"beginx, squareoff, hold, sell"
263,2020-01-28,220,"beginx, squareoff, hold, sell"
264,2020-01-29,80,"beginx, hold, squareoff"
265,2020-01-30,220,"beginx, squareoff, hold, sell"
266,2020-01-31,140,"beginx, squareoff, hold, sell"
267,2020-02-01,220,"beginx, squareoff, hold, sell"
268,2020-02-03,140,"beginx, squareoff, hold, sell"
269,2020-02-04,80,"beginx, hold, squareoff"
270,2020-02-05,80,"beginx, hold, squareoff"
271,2020-02-06,80,"beginx, hold, squareoff"
272,2020-02-07,140,"beginx, squareoff, hold, sell"
273,2020-02-10,140,"beginx, squareoff, hold, sell"
274,2020-02-11,80,"beginx, hold, squareoff"
275,2020-02-12,80,"beginx, hold, squareoff"
276,2020-02-13,80,"beginx, hold, squareoff"
277,2020-02-14,140,"beginx, squareoff, hold, sell"
278,2020-02-17,80,"beginx, hold, squareoff"
279,2020-02-18,80,"beginx, hold, squareoff"
280,2020-02-19,80,"beginx, hold, squareoff"
281,2020-02-20,140,"beginx, squareoff, hold, buy"
282,2020-02-24,80,"beginx, hold, squareoff"
283,2020-02-25,140,"beginx, squareoff, hold, sell"
284,2020-02-26,220,"beginx, squareoff, hold, sell"
285,2020-02-27,80,"beginx, hold, squareoff"
286,2020-02-28,80,"beginx, hold, squareoff"
287,2020-03-02,140,"beginx, hold, hard-squareoff, buy"
288,2020-03-03,80,"beginx, hold, squareoff"
289,2020-03-04,220,"beginx, squareoff, hold, sell"
290,2020-03-05,80,"beginx, hold, squareoff"
291,2020-03-06,80,"beginx, hold, squareoff"
292,2020-03-09,80,"beginx, hold, squareoff"
293,2020-03-11,80,"beginx, hold, squareoff"
294,2020-03-12,80,"beginx, hold, squareoff"
295,2020-03-13,0,"hold, squareoff"
296,2020-03-16,140,"beginx, hold, hard-squareoff, sell"
297,2020-03-17,140,"beginx, squareoff, hold, sell"
298,2020-03-18,80,"beginx, hold, hard-squareoff"
299,2020-03-19,80,"beginx, hold, hard-squareoff"
300,2020-03-20,220,"hard-squareoff, beginx, squareoff, hold, buy"
301,2020-03-23,80,"beginx, hold, squareoff"
302,2020-03-24,140,"beginx, hold, hard-squareoff, buy"
303,2020-03-25,220,"beginx, squareoff, hold, buy"
304,2020-03-26,140,"beginx, squareoff, hold, buy"
305,2020-03-27,140,"beginx, hold, hard-squareoff, sell"
306,2020-03-30,140,"beginx, hold, hard-squareoff, sell"
307,2020-03-31,140,"beginx, squareoff, hold, buy"
308,2020-04-01,80,"beginx, hold, squareoff"
309,2020-04-03,80,"beginx, hold, squareoff"
310,2020-04-07,80,"beginx, hold, hard-squareoff"
311,2020-04-08,80,"beginx, hold, squareoff"
312,2020-04-09,140,"beginx, hold, hard-squareoff, buy"
313,2020-04-13,140,"beginx, hold, hard-squareoff, sell"
314,2020-04-15,80,"beginx, hold, squareoff"
315,2020-04-16,80,"beginx, hold, squareoff"
316,2020-04-17,140,"beginx, squareoff, hold, buy"
317,2020-04-20,80,"beginx, hold, squareoff"
318,2020-04-21,80,"beginx, hold, squareoff"
319,2020-04-22,80,"beginx, hold, squareoff"
320,2020-04-23,80,"beginx, hold, squareoff"
321,2020-04-24,140,"beginx, squareoff, hold, sell"
322,2020-04-27,140,"beginx, squareoff, hold, buy"
323,2020-04-28,140,"beginx, squareoff, hold, buy"
324,2020-04-29,80,"beginx, hold, squareoff"
325,2020-04-30,140,"beginx, squareoff, hold, buy"
326,2020-05-04,80,"beginx, hold, squareoff"
327,2020-05-05,140,"beginx, squareoff, hold, sell"
328,2020-05-06,140,"beginx, hold, hard-squareoff, buy"
329,2020-05-07,220,"beginx, squareoff, hold, sell"
330,2020-05-08,140,"beginx, hold, hard-squareoff, buy"
331,2020-05-11,140,"beginx, squareoff, hold, sell"
332,2020-05-12,80,"beginx, hold, squareoff"
333,2020-05-13,80,"beginx, hold, squareoff"
334,2020-05-14,220,"beginx, squareoff, hold, sell"
335,2020-05-15,80,"beginx, hold, squareoff"
336,2020-05-18,140,"beginx, squareoff, hold, sell"
337,2020-05-19,80,"beginx, hold, squareoff"
338,2020-05-20,220,"beginx, squareoff, hold, buy"
339,2020-05-21,80,"beginx, hold, squareoff"
340,2020-05-22,140,"beginx, hold, hard-squareoff, sell"
341,2020-05-26,80,"beginx, hold, squareoff"
342,2020-05-27,220,"beginx, squareoff, hold, buy"
343,2020-05-28,80,"beginx, hold, squareoff"
344,2020-05-29,80,"beginx, hold, squareoff"
345,2020-06-01,80,"beginx, hold, squareoff"
346,2020-06-02,140,"beginx, squareoff, hold, buy"
347,2020-06-03,140,"beginx, hold, hard-squareoff, buy"
348,2020-06-04,140,"beginx, hold, hard-squareoff, sell"
349,2020-06-05,140,"beginx, squareoff, hold, buy"
350,2020-06-08,80,"beginx, hold, squareoff"
351,2020-06-09,140,"beginx, hold, hard-squareoff, buy"
352,2020-06-10,140,"beginx, squareoff, hold, sell"
353,2020-06-11,80,"beginx, hold, squareoff"
354,2020-06-12,80,"beginx, hold, squareoff"
355,2020-06-15,80,"beginx, hold, squareoff"
356,2020-06-16,80,"beginx, hold, squareoff"
357,2020-06-17,140,"beginx, hold, hard-squareoff, buy"
358,2020-06-18,220,"beginx, squareoff, hold, buy"
359,2020-06-19,80,"beginx, hold, squareoff"
360,2020-06-22,140,"beginx, hold, hard-squareoff, buy"
361,2020-06-23,220,"beginx, squareoff, hold, buy"
362,2020-06-24,80,"beginx, hold, squareoff"
363,2020-06-25,140,"beginx, hold, hard-squareoff, sell"
364,2020-06-26,220,"beginx, squareoff, hold, sell"
365,2020-06-29,80,"beginx, hold, squareoff"
366,2020-06-30,220,"beginx, squareoff, hold, buy"
367,2020-07-01,220,"beginx, squareoff, hold, buy"
368,2020-07-02,80,"beginx, hold, squareoff"
369,2020-07-03,80,"beginx, hold, squareoff"
370,2020-07-06,80,"beginx, hold, squareoff"
371,2020-07-07,140,"beginx, squareoff, hold, buy"
372,2020-07-08,220,"beginx, squareoff, hold, buy"
373,2020-07-09,140,"beginx, squareoff, hold, buy"
374,2020-07-10,140,"beginx, squareoff, hold, sell"
375,2020-07-13,140,"beginx, squareoff, hold, sell"
376,2020-07-14,80,"beginx, hold, squareoff"
377,2020-07-15,80,"beginx, hold, squareoff"
378,2020-07-16,140,"beginx, squareoff, hold, buy"
379,2020-07-17,80,"beginx, hold, squareoff"
380,2020-07-20,140,"beginx, squareoff, hold, buy"
381,2020-07-21,80,"beginx, hold, squareoff"
382,2020-07-22,140,"beginx, squareoff, hold, sell"
383,2020-07-23,140,"beginx, squareoff, hold, buy"
384,2020-07-24,140,"beginx, hold, hard-squareoff, sell"
385,2020-07-27,140,"beginx, squareoff, hold, sell"
386,2020-07-28,80,"beginx, hold, squareoff"
387,2020-07-29,140,"beginx, squareoff, hold, sell"
388,2020-07-30,140,"beginx, hold, hard-squareoff, buy"
389,2020-07-31,140,"beginx, hold, hard-squareoff, sell"
390,2020-08-03,80,"beginx, hold, squareoff"
391,2020-08-04,80,"beginx, hold, squareoff"
392,2020-08-05,80,"beginx, hold, squareoff"
393,2020-08-06,140,"beginx, hold, hard-squareoff, buy"
394,2020-08-07,140,"beginx, squareoff, hold, buy"
395,2020-08-10,80,"beginx, hold, squareoff"
396,2020-08-11,140,"beginx, squareoff, hold, buy"
397,2020-08-12,80,"beginx, hold, squareoff"
398,2020-08-13,140,"beginx, squareoff, hold, sell"
399,2020-08-14,220,"hard-squareoff, beginx, squareoff, hold, buy"
400,2020-08-17,80,"beginx, hold, squareoff"
401,2020-08-18,80,"beginx, hold, squareoff"
402,2020-08-19,140,"beginx, squareoff, hold, buy"
403,2020-08-20,80,"beginx, hold, squareoff"
404,2020-08-21,140,"beginx, squareoff, hold, buy"
405,2020-08-24,80,"beginx, hold, squareoff"
406,2020-08-25,80,"beginx, hold, squareoff"
407,2020-08-26,220,"beginx, squareoff, hold, buy"
408,2020-08-27,80,"beginx, hold, squareoff"
409,2020-08-28,140,"beginx, squareoff, hold, buy"
410,2020-08-31,220,"beginx, squareoff, hold, sell"
411,2020-09-01,80,"beginx, hold, squareoff"
412,2020-09-02,220,"beginx, squareoff, hold, sell"
413,2020-09-03,140,"beginx, squareoff, hold, buy"
414,2020-09-04,220,"beginx, squareoff, hold, sell"
415,2020-09-07,80,"beginx, hold, squareoff"
416,2020-09-08,140,"beginx, hold, hard-squareoff, buy"
417,2020-09-09,80,"beginx, hold, squareoff"
418,2020-09-10,80,"beginx, hold, squareoff"
419,2020-09-11,140,"beginx, squareoff, hold, buy"
420,2020-09-14,220,"beginx, squareoff, hold, sell"
421,2020-09-15,140,"beginx, squareoff, hold, buy"
422,2020-09-16,80,"beginx, hold, squareoff"
423,2020-09-17,140,"beginx, squareoff, hold, sell"
424,2020-09-18,220,"beginx, squareoff, hold, buy"
425,2020-09-21,220,"beginx, squareoff, hold, sell"
426,2020-09-22,140,"beginx, squareoff, hold, sell"
427,2020-09-23,220,"beginx, squareoff, hold, sell"
428,2020-09-24,80,"beginx, hold, squareoff"
429,2020-09-25,140,"beginx, squareoff, hold, buy"
430,2020-09-28,80,"beginx, hold, squareoff"
431,2020-09-29,140,"beginx, squareoff, hold, buy"
432,2020-09-30,140,"beginx, squareoff, hold, buy"
433,2020-10-01,80,"beginx, hold, squareoff"
434,2020-10-05,80,"beginx, hold, squareoff"
435,2020-10-06,220,"beginx, squareoff, hold, buy"
436,2020-10-07,80,"beginx, hold, squareoff"
437,2020-10-08,80,"beginx, hold, squareoff"
438,2020-10-09,140,"beginx, squareoff, hold, buy"
439,2020-10-12,140,"beginx, squareoff, hold, sell"
440,2020-10-13,220,"beginx, squareoff, hold, buy"
441,2020-10-14,140,"beginx, hold, hard-squareoff, sell"
442,2020-10-15,220,"beginx, squareoff, hold, sell"
443,2020-10-16,80,"beginx, hold, squareoff"
444,2020-10-19,140,"beginx, squareoff, hold, buy"
445,2020-10-20,80,"beginx, hold, squareoff"
446,2020-10-21,80,"beginx, hold, hard-squareoff"
447,2020-10-22,80,"beginx, hold, squareoff"
448,2020-10-23,140,"beginx, squareoff, hold, buy"
449,2020-10-26,220,"beginx, squareoff, hold, sell"
450,2020-10-27,140,"beginx, squareoff, hold, buy"
451,2020-10-28,220,"beginx, squareoff, hold, sell"
452,2020-10-29,140,"beginx, squareoff, hold, sell"
453,2020-10-30,220,"beginx, squareoff, hold, sell"
454,2020-11-02,140,"beginx, hold, hard-squareoff, sell"
455,2020-11-03,80,"beginx, hold, squareoff"
456,2020-11-04,140,"beginx, hold, hard-squareoff, buy"
457,2020-11-05,80,"beginx, hold, squareoff"
458,2020-11-06,80,"beginx, hold, squareoff"
459,2020-11-09,220,"beginx, squareoff, hold, buy"
460,2020-11-10,80,"beginx, hold, squareoff"
461,2020-11-11,140,"beginx, squareoff, hold, buy"
462,2020-11-12,140,"beginx, squareoff, hold, sell"
463,2020-11-13,140,"beginx, squareoff, hold, buy"
464,2020-11-17,140,"beginx, squareoff, hold, buy"
465,2020-11-18,140,"beginx, squareoff, hold, buy"
466,2020-11-19,220,"beginx, squareoff, hold, sell"
467,2020-11-20,80,"beginx, hold, squareoff"
468,2020-11-23,140,"beginx, squareoff, hold, buy"
469,2020-11-24,80,"beginx, hold, squareoff"
470,2020-11-25,220,"beginx, squareoff, hold, sell"
471,2020-11-26,80,"beginx, hold, squareoff"
472,2020-11-27,140,"beginx, hold, hard-squareoff, buy"
473,2020-12-01,80,"beginx, hold, squareoff"
474,2020-12-02,140,"beginx, hold, hard-squareoff, sell"
475,2020-12-03,80,"beginx, hold, squareoff"
476,2020-12-04,140,"beginx, squareoff, hold, buy"
477,2020-12-07,80,"beginx, hold, squareoff"
478,2020-12-08,140,"beginx, squareoff, hold, buy"
479,2020-12-09,80,"beginx, hold, squareoff"
480,2020-12-10,140,"beginx, hold, hard-squareoff, sell"
481,2020-12-11,140,"beginx, squareoff, hold, sell"
482,2020-12-14,140,"beginx, squareoff, hold, buy"
483,2020-12-15,140,"beginx, squareoff, hold, buy"
484,2020-12-16,220,"beginx, squareoff, hold, buy"
485,2020-12-17,80,"beginx, hold, squareoff"
486,2020-12-18,140,"beginx, squareoff, hold, buy"
487,2020-12-21,220,"hard-squareoff, sell, beginx, squareoff, hold"
488,2020-12-22,80,"beginx, hold, squareoff"
489,2020-12-23,80,"beginx, hold, squareoff"
490,2020-12-24,80,"beginx, hold, squareoff"
491,2020-12-28,80,"beginx, hold, squareoff"
492,2020-12-29,80,"beginx, hold, squareoff"
493,2020-12-30,140,"beginx, squareoff, hold, buy"
494,2020-12-31,80,"beginx, hold, squareoff"
495,2021-01-01,80,"beginx, hold, squareoff"
496,2021-01-04,140,"beginx, squareoff, hold, buy"
497,2021-01-05,140,"beginx, squareoff, hold, buy"
498,2021-01-06,220,"beginx, squareoff, hold, sell"
499,2021-01-07,140,"beginx, squareoff, hold, buy"
500,2021-01-08,80,"beginx, hold, squareoff"
501,2021-01-11,140,"beginx, squareoff, hold, buy"
502,2021-01-12,80,"beginx, hold, squareoff"
503,2021-01-13,80,"beginx, hold, squareoff"
504,2021-01-14,140,"beginx, squareoff, hold, buy"
505,2021-01-15,220,"beginx, squareoff, hold, sell"
506,2021-01-18,140,"beginx, squareoff, hold, sell"
507,2021-01-19,220,"beginx, squareoff, hold, buy"
508,2021-01-20,80,"beginx, hold, squareoff"
509,2021-01-21,80,"beginx, hold, squareoff"
510,2021-01-22,80,"beginx, hold, squareoff"
511,2021-01-25,140,"beginx, squareoff, hold, sell"
512,2021-01-27,80,"beginx, hold, squareoff"
513,2021-01-28,80,"beginx, hold, squareoff"
514,2021-01-29,140,"beginx, hold, hard-squareoff, sell"
515,2021-02-01,140,"beginx, hold, hard-squareoff, buy"
516,2021-02-02,140,"beginx, squareoff, hold, buy"
517,2021-02-03,80,"beginx, hold, squareoff"
518,2021-02-04,140,"beginx, squareoff, hold, buy"
519,2021-02-05,80,"beginx, hold, squareoff"
520,2021-02-08,80,"beginx, hold, squareoff"
521,2021-02-09,80,"beginx, hold, squareoff"
522,2021-02-10,80,"beginx, hold, squareoff"
523,2021-02-11,140,"beginx, squareoff, hold, buy"
524,2021-02-12,80,"beginx, hold, squareoff"
525,2021-02-15,80,"beginx, hold, squareoff"
526,2021-02-16,140,"beginx, hold, hard-squareoff, sell"
527,2021-02-17,80,"beginx, hold, squareoff"
528,2021-02-18,220,"beginx, squareoff, hold, sell"
529,2021-02-19,220,"beginx, squareoff, hold, sell"
530,2021-02-22,80,"beginx, hold, squareoff"
531,2021-02-23,80,"beginx, hold, squareoff"
532,2021-02-24,40,"beginx, hold"
533,2021-02-25,120,"beginx, hold, squareoff"
534,2021-02-26,80,"beginx, hold, hard-squareoff"
535,2021-03-01,140,"beginx, squareoff, hold, buy"
536,2021-03-02,140,"beginx, squareoff, hold, buy"
537,2021-03-03,80,"beginx, hold, squareoff"
538,2021-03-04,80,"beginx, hold, squareoff"
539,2021-03-05,140,"beginx, squareoff, hold, sell"
540,2021-03-08,80,"beginx, hold, squareoff"
541,2021-03-09,140,"beginx, squareoff, hold, buy"
542,2021-03-10,140,"beginx, squareoff, hold, buy"
543,2021-03-12,80,"beginx, hold, hard-squareoff"
544,2021-03-15,80,"beginx, hold, squareoff"
545,2021-03-16,80,"beginx, hold, squareoff"
546,2021-03-17,140,"beginx, hold, hard-squareoff, sell"
547,2021-03-18,220,"beginx, squareoff, hold, sell"
548,2021-03-19,140,"beginx, squareoff, hold, buy"
549,2021-03-22,140,"beginx, squareoff, hold, buy"
550,2021-03-23,80,"beginx, hold, squareoff"
551,2021-03-24,220,"beginx, squareoff, hold, sell"
552,2021-03-25,80,"beginx, hold, squareoff"
553,2021-03-26,80,"beginx, hold, squareoff"
554,2021-03-30,80,"beginx, hold, squareoff"
555,2021-03-31,80,"beginx, hold, squareoff"
556,2021-04-01,140,"beginx, squareoff, hold, buy"
557,2021-04-05,80,"beginx, hold, squareoff"
558,2021-04-06,80,"beginx, hold, squareoff"
559,2021-04-07,80,"beginx, hold, squareoff"
560,2021-04-08,80,"beginx, hold, squareoff"
561,2021-04-09,140,"beginx, squareoff, hold, sell"
562,2021-04-12,80,"beginx, hold, squareoff"
563,2021-04-13,140,"beginx, squareoff, hold, buy"
564,2021-04-15,140,"beginx, squareoff, hold, buy"
565,2021-04-16,140,"beginx, squareoff, hold, buy"
566,2021-04-19,80,"beginx, hold, squareoff"
567,2021-04-20,220,"beginx, squareoff, hold, sell"
568,2021-04-22,140,"beginx, squareoff, hold, buy"
569,2021-04-23,140,"beginx, squareoff, hold, sell"
570,2021-04-26,80,"beginx, hold, squareoff"
571,2021-04-27,80,"beginx, hold, squareoff"
572,2021-04-28,80,"beginx, hold, squareoff"
573,2021-04-29,80,"beginx, hold, squareoff"
574,2021-04-30,220,"beginx, squareoff, hold, sell"
575,2021-05-03,80,"beginx, hold, squareoff"
576,2021-05-04,80,"beginx, hold, squareoff"
577,2021-05-05,140,"beginx, squareoff, hold, buy"
578,2021-05-06,80,"beginx, hold, squareoff"
579,2021-05-07,140,"beginx, squareoff, hold, buy"
580,2021-05-10,80,"beginx, hold, squareoff"
581,2021-05-11,80,"beginx, hold, squareoff"
582,2021-05-12,80,"beginx, hold, squareoff"
583,2021-05-14,80,"beginx, hold, squareoff"
584,2021-05-17,80,"beginx, hold, squareoff"
585,2021-05-18,80,"beginx, hold, squareoff"
586,2021-05-19,220,"beginx, squareoff, hold, buy"
587,2021-05-20,220,"beginx, squareoff, hold, sell"
588,2021-05-21,80,"beginx, hold, squareoff"
589,2021-05-24,140,"beginx, squareoff, hold, buy"
590,2021-05-25,140,"beginx, squareoff, hold, sell"
591,2021-05-26,80,"beginx, hold, squareoff"
592,2021-05-27,140,"beginx, squareoff, hold, sell"
593,2021-05-28,220,"beginx, squareoff, hold, buy"
594,2021-05-31,80,"beginx, hold, squareoff"
595,2021-06-01,80,"beginx, hold, squareoff"
596,2021-06-02,140,"beginx, squareoff, hold, buy"
597,2021-06-03,140,"beginx, squareoff, hold, buy"
598,2021-06-04,140,"beginx, squareoff, hold, sell"
599,2021-06-07,80,"beginx, hold, squareoff"
600,2021-06-08,80,"beginx, hold, squareoff"
601,2021-06-09,80,"beginx, hold, hard-squareoff"
602,2021-06-10,80,"beginx, hold, squareoff"
603,2021-06-11,140,"beginx, squareoff, hold, buy"
604,2021-06-14,140,"beginx, squareoff, hold, buy"
605,2021-06-15,140,"beginx, squareoff, hold, buy"
606,2021-06-16,140,"beginx, squareoff, hold, sell"
607,2021-06-17,80,"beginx, hold, squareoff"
608,2021-06-18,80,"beginx, hold, squareoff"
609,2021-06-21,140,"beginx, squareoff, hold, buy"
610,2021-06-22,80,"beginx, hold, squareoff"
611,2021-06-23,140,"beginx, squareoff, hold, sell"
612,2021-06-24,140,"beginx, squareoff, hold, buy"
613,2021-06-25,80,"beginx, hold, squareoff"
614,2021-06-28,140,"beginx, squareoff, hold, sell"
615,2021-06-29,80,"beginx, hold, squareoff"
616,2021-06-30,140,"beginx, hold, hard-squareoff, buy"
617,2021-07-01,140,"beginx, squareoff, hold, sell"
618,2021-07-02,80,"beginx, hold, squareoff"
619,2021-07-05,80,"beginx, hold, squareoff"
620,2021-07-06,80,"beginx, hold, squareoff"
621,2021-07-07,140,"beginx, squareoff, hold, buy"
622,2021-07-08,220,"beginx, squareoff, hold, sell"
623,2021-07-09,80,"beginx, hold, squareoff"
624,2021-07-12,220,"beginx, squareoff, hold, sell"
625,2021-07-13,80,"beginx, hold, squareoff"
626,2021-07-14,80,"beginx, hold, squareoff"
627,2021-07-15,80,"beginx, hold, squareoff"
628,2021-07-16,80,"beginx, hold, squareoff"
629,2021-07-19,80,"beginx, hold, squareoff"
630,2021-07-20,80,"beginx, hold, squareoff"
631,2021-07-22,80,"beginx, hold, squareoff"
632,2021-07-23,140,"beginx, squareoff, hold, buy"
633,2021-07-26,140,"beginx, squareoff, hold, sell"
634,2021-07-27,220,"beginx, squareoff, hold, sell"
635,2021-07-28,80,"beginx, hold, squareoff"
636,2021-07-29,140,"beginx, squareoff, hold, buy"
637,2021-07-30,80,"beginx, hold, squareoff"
638,2021-08-02,80,"beginx, hold, squareoff"
639,2021-08-03,80,"beginx, hold, hard-squareoff"
640,2021-08-04,140,"beginx, squareoff, hold, buy"
641,2021-08-05,220,"beginx, squareoff, hold, buy"
642,2021-08-06,140,"beginx, squareoff, hold, sell"
643,2021-08-09,140,"beginx, squareoff, hold, sell"
644,2021-08-10,140,"beginx, hold, hard-squareoff, buy"
645,2021-08-11,140,"beginx, squareoff, hold, buy"
646,2021-08-12,80,"beginx, hold, squareoff"
647,2021-08-13,80,"beginx, hold, squareoff"
648,2021-08-16,80,"beginx, hold, squareoff"
649,2021-08-17,140,"beginx, squareoff, hold, buy"
650,2021-08-18,80,"beginx, hold, hard-squareoff"
651,2021-08-20,80,"beginx, hold, squareoff"
652,2021-08-23,140,"beginx, hold, hard-squareoff, sell"
653,2021-08-24,220,"beginx, squareoff, hold, buy"
654,2021-08-25,140,"beginx, squareoff, hold, sell"
655,2021-08-26,220,"beginx, squareoff, hold, buy"
656,2021-08-27,80,"beginx, hold, squareoff"
657,2021-08-30,80,"beginx, hold, squareoff"
658,2021-08-31,80,"beginx, hold, squareoff"
659,2021-09-01,80,"beginx, hold, squareoff"
660,2021-09-02,220,"beginx, squareoff, hold, buy"
661,2021-09-03,140,"beginx, squareoff, hold, buy"
662,2021-09-06,80,"beginx, hold, squareoff"
663,2021-09-07,80,"beginx, hold, squareoff"
664,2021-09-08,220,"beginx, squareoff, hold, sell"
665,2021-09-09,140,"beginx, squareoff, hold, buy"
666,2021-09-13,140,"beginx, squareoff, hold, buy"
667,2021-09-14,80,"beginx, hold, squareoff"
668,2021-09-15,80,"beginx, hold, squareoff"
669,2021-09-16,80,"beginx, hold, squareoff"
670,2021-09-17,80,"beginx, hold, squareoff"
671,2021-09-20,140,"beginx, squareoff, hold, sell"
672,2021-09-21,80,"beginx, hold, squareoff"
673,2021-09-22,140,"beginx, squareoff, hold, buy"
674,2021-09-23,80,"beginx, hold, squareoff"
675,2021-09-24,80,"beginx, hold, squareoff"
676,2021-09-27,140,"beginx, squareoff, hold, sell"
677,2021-09-28,220,"beginx, squareoff, hold, sell"
678,2021-09-29,80,"beginx, hold, squareoff"
679,2021-09-30,140,"beginx, squareoff, hold, sell"
680,2021-10-01,140,"beginx, hold, hard-squareoff, sell"
681,2021-10-04,80,"beginx, hold, squareoff"
682,2021-10-05,220,"beginx, squareoff, hold, buy"
683,2021-10-06,140,"beginx, hold, hard-squareoff, buy"
684,2021-10-07,140,"beginx, squareoff, hold, buy"
685,2021-10-08,140,"beginx, squareoff, hold, buy"
686,2021-10-11,80,"beginx, hold, squareoff"
687,2021-10-12,140,"beginx, squareoff, hold, buy"
688,2021-10-13,80,"beginx, hold, squareoff"
689,2021-10-14,80,"beginx, hold, squareoff"
690,2021-10-18,80,"beginx, hold, squareoff"
691,2021-10-19,140,"beginx, hold, hard-squareoff, buy"
692,2021-10-20,80,"beginx, hold, squareoff"
693,2021-10-21,80,"beginx, hold, squareoff"
694,2021-10-22,140,"beginx, squareoff, hold, sell"
695,2021-10-25,80,"beginx, hold, squareoff"
696,2021-10-26,140,"beginx, squareoff, hold, buy"
697,2021-10-27,140,"beginx, squareoff, hold, sell"
698,2021-10-28,80,"beginx, hold, squareoff"
699,2021-10-29,80,"beginx, hold, squareoff"
700,2021-11-01,80,"beginx, hold, squareoff"
701,2021-11-02,80,"beginx, hold, squareoff"
702,2021-11-03,140,"beginx, hold, hard-squareoff, buy"
703,2021-11-08,220,"beginx, squareoff, hold, buy"
704,2021-11-09,80,"beginx, hold, squareoff"
705,2021-11-10,140,"beginx, squareoff, hold, buy"
706,2021-11-11,80,"beginx, hold, squareoff"
707,2021-11-12,220,"beginx, squareoff, hold, buy"
708,2021-11-15,80,"beginx, hold, squareoff"
709,2021-11-16,80,"beginx, hold, squareoff"
710,2021-11-17,140,"beginx, squareoff, hold, sell"
711,2021-11-18,80,"beginx, hold, squareoff"
712,2021-11-22,80,"beginx, hold, hard-squareoff"
713,2021-11-23,80,"beginx, hold, squareoff"
714,2021-11-24,80,"beginx, hold, squareoff"
715,2021-11-25,140,"beginx, squareoff, hold, buy"
716,2021-11-26,80,"beginx, hold, squareoff"
717,2021-11-29,80,"beginx, hold, squareoff"
718,2021-11-30,140,"beginx, squareoff, hold, sell"
719,2021-12-01,140,"beginx, squareoff, hold, buy"
720,2021-12-02,80,"beginx, hold, squareoff"
721,2021-12-03,140,"beginx, squareoff, hold, sell"
722,2021-12-06,80,"beginx, hold, squareoff"
723,2021-12-07,80,"beginx, hold, squareoff"
724,2021-12-08,80,"beginx, hold, squareoff"
725,2021-12-09,140,"beginx, hold, hard-squareoff, buy"
726,2021-12-10,220,"beginx, squareoff, hold, sell"
727,2021-12-13,140,"beginx, squareoff, hold, sell"
728,2021-12-14,140,"beginx, hold, hard-squareoff, sell"
729,2021-12-15,140,"beginx, squareoff, hold, sell"
730,2021-12-16,140,"beginx, hold, hard-squareoff, sell"
731,2021-12-17,80,"beginx, hold, squareoff"
732,2021-12-20,80,"beginx, hold, squareoff"
733,2021-12-21,80,"beginx, hold, squareoff"
734,2021-12-22,140,"beginx, squareoff, hold, buy"
735,2021-12-23,80,"beginx, hold, squareoff"
736,2021-12-24,80,"beginx, hold, squareoff"
737,2021-12-27,140,"beginx, squareoff, hold, buy"
738,2021-12-28,80,"beginx, hold, squareoff"
739,2021-12-29,140,"beginx, squareoff, hold, buy"
740,2021-12-30,140,"beginx, squareoff, hold, buy"
741,2021-12-31,80,"beginx, hold, squareoff"
742,2022-01-03,80,"beginx, hold, squareoff"
743,2022-01-04,80,"beginx, hold, squareoff"
744,2022-01-05,80,"beginx, hold, squareoff"
745,2022-01-06,80,"beginx, hold, squareoff"
746,2022-01-07,80,"beginx, hold, squareoff"
747,2022-01-10,80,"beginx, hold, squareoff"
748,2022-01-11,80,"beginx, hold, squareoff"
749,2022-01-12,80,"beginx, hold, squareoff"
750,2022-01-13,140,"beginx, squareoff, hold, sell"
751,2022-01-14,140,"beginx, squareoff, hold, buy"
752,2022-01-17,80,"beginx, hold, squareoff"
753,2022-01-18,220,"beginx, squareoff, hold, sell"
754,2022-01-19,80,"beginx, hold, squareoff"
755,2022-01-20,80,"beginx, hold, squareoff"
756,2022-01-21,140,"beginx, squareoff, hold, sell"
757,2022-01-24,80,"beginx, hold, hard-squareoff"
758,2022-01-25,80,"beginx, hold, squareoff"
759,2022-01-27,140,"beginx, hold, hard-squareoff, sell"
760,2022-01-28,80,"beginx, hold, squareoff"
761,2022-01-31,140,"beginx, squareoff, hold, buy"
762,2022-02-01,140,"beginx, hold, hard-squareoff, sell"
763,2022-02-02,80,"beginx, hold, squareoff"
764,2022-02-03,80,"beginx, hold, squareoff"
765,2022-02-04,80,"beginx, hold, squareoff"
766,2022-02-07,80,"beginx, hold, squareoff"
767,2022-02-08,80,"beginx, hold, squareoff"
768,2022-02-09,140,"beginx, squareoff, hold, buy"
769,2022-02-10,80,"beginx, hold, squareoff"
770,2022-02-11,80,"beginx, hold, squareoff"
771,2022-02-14,220,"beginx, squareoff, hold, sell"
772,2022-02-15,80,"beginx, hold, hard-squareoff"
773,2022-02-16,220,"beginx, squareoff, hold, buy"
774,2022-02-17,140,"beginx, squareoff, hold, sell"
775,2022-02-18,140,"beginx, hold, hard-squareoff, buy"
776,2022-02-21,140,"beginx, hold, hard-squareoff, buy"
777,2022-02-22,140,"beginx, hold, hard-squareoff, sell"
778,2022-02-23,140,"beginx, squareoff, hold, buy"
779,2022-02-24,80,"beginx, hold, squareoff"
780,2022-02-25,140,"beginx, squareoff, hold, buy"
781,2022-02-28,80,"beginx, hold, squareoff"
782,2022-03-02,140,"beginx, hold, hard-squareoff, sell"
783,2022-03-03,140,"beginx, hold, hard-squareoff, sell"
784,2022-03-04,80,"beginx, hold, squareoff"
785,2022-03-07,220,"beginx, squareoff, hold, sell"
786,2022-03-08,140,"beginx, hold, hard-squareoff, sell"
787,2022-03-09,80,"beginx, hold, squareoff"
788,2022-03-10,140,"beginx, hold, hard-squareoff, buy"
789,2022-03-11,140,"beginx, squareoff, hold, buy"
790,2022-03-14,80,"beginx, hold, squareoff"
791,2022-03-15,220,"beginx, squareoff, hold, sell"
792,2022-03-16,140,"beginx, squareoff, hold, buy"
793,2022-03-17,80,"beginx, hold, squareoff"
794,2022-03-21,80,"beginx, hold, squareoff"
795,2022-03-22,220,"beginx, squareoff, hold, buy"
796,2022-03-23,80,"beginx, hold, squareoff"
797,2022-03-24,80,"beginx, hold, squareoff"
798,2022-03-25,140,"beginx, squareoff, hold, sell"
799,2022-03-28,140,"beginx, squareoff, hold, buy"
800,2022-03-29,140,"beginx, hold, hard-squareoff, buy"
801,2022-03-30,80,"beginx, hold, squareoff"
802,2022-03-31,140,"beginx, squareoff, hold, sell"
803,2022-04-01,80,"beginx, hold, squareoff"
804,2022-04-04,80,"beginx, hold, squareoff"
805,2022-04-05,140,"beginx, hold, hard-squareoff, buy"
806,2022-04-06,140,"beginx, squareoff, hold, sell"
807,2022-04-07,80,"beginx, hold, squareoff"
808,2022-04-08,140,"beginx, squareoff, hold, buy"
809,2022-04-11,140,"beginx, squareoff, hold, sell"
810,2022-04-12,80,"beginx, hold, squareoff"
811,2022-04-13,140,"beginx, squareoff, hold, sell"
812,2022-04-18,80,"beginx, hold, squareoff"
813,2022-04-19,220,"beginx, squareoff, hold, buy"
814,2022-04-20,80,"beginx, hold, squareoff"
815,2022-04-21,80,"beginx, hold, squareoff"
816,2022-04-22,220,"beginx, squareoff, hold, sell"
817,2022-04-25,80,"beginx, hold, squareoff"
818,2022-04-26,140,"beginx, hold, hard-squareoff, buy"
819,2022-04-27,140,"beginx, hold, hard-squareoff, sell"
820,2022-04-28,220,"beginx, squareoff, hold, buy"
821,2022-04-29,80,"beginx, hold, squareoff"
822,2022-05-02,140,"beginx, hold, hard-squareoff, sell"
823,2022-05-04,80,"beginx, hold, squareoff"
824,2022-05-05,140,"beginx, squareoff, hold, sell"
825,2022-05-06,140,"beginx, squareoff, hold, sell"
826,2022-05-09,80,"beginx, hold, squareoff"
827,2022-05-10,220,"beginx, squareoff, hold, sell"
828,2022-05-11,80,"beginx, hold, squareoff"
829,2022-05-12,80,"beginx, hold, squareoff"
830,2022-05-13,140,"beginx, hold, hard-squareoff, buy"
831,2022-05-16,140,"beginx, hold, hard-squareoff, sell"
832,2022-05-17,220,"beginx, squareoff, hold, buy"
833,2022-05-18,80,"beginx, hold, squareoff"
834,2022-05-19,80,"beginx, hold, squareoff"
835,2022-05-20,140,"beginx, squareoff, hold, buy"
836,2022-05-23,80,"beginx, hold, squareoff"
837,2022-05-24,140,"beginx, squareoff, hold, sell"
838,2022-05-25,220,"beginx, squareoff, hold, sell"
839,2022-05-26,140,"beginx, hold, hard-squareoff, buy"
840,2022-05-27,140,"beginx, squareoff, hold, buy"
841,2022-05-30,80,"beginx, hold, squareoff"
842,2022-05-31,140,"beginx, squareoff, hold, buy"
843,2022-06-01,220,"beginx, squareoff, hold, sell"
844,2022-06-02,140,"beginx, squareoff, hold, buy"
845,2022-06-03,80,"beginx, hold, squareoff"
846,2022-06-06,80,"beginx, hold, squareoff"
847,2022-06-07,80,"beginx, hold, squareoff"
848,2022-06-08,140,"beginx, squareoff, hold, sell"
849,2022-06-09,140,"beginx, squareoff, hold, buy"
850,2022-06-10,80,"beginx, hold, squareoff"
851,2022-06-13,80,"beginx, hold, squareoff"
852,2022-06-14,140,"beginx, squareoff, hold, sell"
853,2022-06-15,220,"beginx, squareoff, hold, sell"
854,2022-06-16,80,"beginx, hold, squareoff"
855,2022-06-17,140,"beginx, hold, hard-squareoff, sell"
856,2022-06-20,220,"hard-squareoff, beginx, squareoff, hold, buy"
857,2022-06-21,80,"beginx, hold, squareoff"
858,2022-06-22,80,"beginx, hold, squareoff"
859,2022-06-23,140,"beginx, hold, hard-squareoff, sell"
860,2022-06-24,140,"beginx, squareoff, hold, buy"
861,2022-06-27,140,"beginx, hold, hard-squareoff, buy"
862,2022-06-28,140,"beginx, squareoff, hold, buy"
863,2022-06-29,140,"beginx, squareoff, hold, buy"
864,2022-06-30,140,"beginx, hold, hard-squareoff, sell"
865,2022-07-01,80,"beginx, hold, squareoff"
866,2022-07-04,140,"beginx, squareoff, hold, buy"
867,2022-07-05,80,"beginx, hold, squareoff"
868,2022-07-06,140,"beginx, hold, hard-squareoff, buy"
869,2022-07-07,140,"beginx, hold, hard-squareoff, buy"
870,2022-07-08,80,"beginx, hold, squareoff"
871,2022-07-11,140,"beginx, hold, hard-squareoff, sell"
872,2022-07-12,80,"beginx, hold, squareoff"
873,2022-07-13,220,"beginx, squareoff, hold, sell"
874,2022-07-14,220,"beginx, squareoff, hold, sell"
875,2022-07-15,140,"beginx, squareoff, hold, buy"
876,2022-07-18,80,"beginx, hold, squareoff"
877,2022-07-19,80,"beginx, hold, squareoff"
878,2022-07-20,80,"beginx, hold, squareoff"
879,2022-07-21,140,"beginx, squareoff, hold, buy"
880,2022-07-22,80,"beginx, hold, squareoff"
881,2022-07-25,80,"beginx, hold, squareoff"
882,2022-07-26,140,"beginx, squareoff, hold, sell"
883,2022-07-27,140,"beginx, squareoff, hold, buy"
884,2022-07-28,80,"beginx, hold, squareoff"
885,2022-07-29,140,"beginx, squareoff, hold, buy"
886,2022-08-01,80,"beginx, hold, squareoff"
887,2022-08-02,220,"beginx, squareoff, hold, buy"
888,2022-08-03,140,"beginx, hold, hard-squareoff, sell"
889,2022-08-04,140,"beginx, hold, hard-squareoff, sell"
890,2022-08-05,80,"beginx, hold, squareoff"
891,2022-08-08,80,"beginx, hold, squareoff"
892,2022-08-10,140,"beginx, squareoff, hold, buy"
893,2022-08-11,80,"beginx, hold, squareoff"
894,2022-08-12,80,"beginx, hold, squareoff"
895,2022-08-16,140,"beginx, squareoff, hold, buy"
896,2022-08-17,80,"beginx, hold, squareoff"
897,2022-08-18,140,"beginx, squareoff, hold, buy"
898,2022-08-19,220,"beginx, squareoff, hold, sell"
899,2022-08-22,80,"beginx, hold, squareoff"
900,2022-08-23,140,"beginx, squareoff, hold, buy"
901,2022-08-24,140,"beginx, hold, hard-squareoff, buy"
902,2022-08-25,140,"beginx, squareoff, hold, sell"
903,2022-08-26,80,"beginx, hold, squareoff"
904,2022-08-29,80,"beginx, hold, squareoff"
905,2022-08-30,80,"beginx, hold, hard-squareoff"
906,2022-09-01,140,"beginx, hold, hard-squareoff, sell"
907,2022-09-02,140,"beginx, hold, hard-squareoff, sell"
908,2022-09-05,80,"beginx, hold, squareoff"
909,2022-09-06,140,"beginx, hold, hard-squareoff, sell"
910,2022-09-07,80,"beginx, hold, squareoff"
911,2022-09-08,140,"beginx, squareoff, hold, buy"
912,2022-09-09,80,"beginx, hold, squareoff"
913,2022-09-12,80,"beginx, hold, squareoff"
914,2022-09-13,80,"beginx, hold, squareoff"
915,2022-09-14,140,"beginx, squareoff, hold, buy"
916,2022-09-15,140,"beginx, hold, hard-squareoff, sell"
917,2022-09-16,80,"beginx, hold, squareoff"
918,2022-09-19,140,"beginx, squareoff, hold, buy"
919,2022-09-20,80,"beginx, hold, squareoff"
920,2022-09-21,80,"beginx, hold, squareoff"
921,2022-09-22,80,"beginx, hold, squareoff"
922,2022-09-23,80,"beginx, hold, squareoff"
923,2022-09-26,140,"beginx, squareoff, hold, sell"
924,2022-09-27,140,"beginx, squareoff, hold, sell"
925,2022-09-28,140,"beginx, squareoff, hold, sell"
926,2022-09-29,140,"beginx, hold, hard-squareoff, sell"
927,2022-09-30,220,"beginx, squareoff, hold, buy"
928,2022-10-03,80,"beginx, hold, squareoff"
929,2022-10-04,80,"beginx, hold, squareoff"
930,2022-10-06,140,"beginx, hold, hard-squareoff, buy"
931,2022-10-07,80,"beginx, hold, squareoff"
932,2022-10-10,80,"beginx, hold, squareoff"
933,2022-10-11,140,"beginx, hold, hard-squareoff, sell"
934,2022-10-12,140,"beginx, hold, hard-squareoff, sell"
935,2022-10-13,140,"beginx, hold, hard-squareoff, sell"
936,2022-10-14,80,"beginx, hold, squareoff"
937,2022-10-17,140,"beginx, squareoff, hold, buy"
938,2022-10-18,140,"beginx, squareoff, hold, buy"
939,2022-10-19,80,"beginx, hold, squareoff"
940,2022-10-20,140,"beginx, squareoff, hold, buy"
941,2022-10-21,80,"beginx, hold, squareoff"
942,2022-10-25,80,"beginx, hold, squareoff"
943,2022-10-27,140,"beginx, squareoff, hold, buy"
944,2022-10-28,80,"beginx, hold, squareoff"
945,2022-10-31,80,"beginx, hold, squareoff"
946,2022-11-01,140,"beginx, squareoff, hold, buy"
947,2022-11-02,140,"beginx, squareoff, hold, sell"
948,2022-11-03,80,"beginx, hold, squareoff"
949,2022-11-04,140,"beginx, hold, hard-squareoff, sell"
950,2022-11-07,140,"beginx, hold, hard-squareoff, sell"
951,2022-11-09,80,"beginx, hold, squareoff"
952,2022-11-10,80,"beginx, hold, squareoff"
953,2022-11-11,80,"beginx, hold, squareoff"
954,2022-11-14,140,"beginx, squareoff, hold, buy"
955,2022-11-15,140,"beginx, squareoff, hold, buy"
956,2022-11-16,140,"beginx, hold, hard-squareoff, buy"
957,2022-11-17,220,"beginx, squareoff, hold, sell"
958,2022-11-18,80,"beginx, hold, squareoff"
959,2022-11-21,80,"beginx, hold, squareoff"
960,2022-11-22,140,"beginx, squareoff, hold, buy"
961,2022-11-23,140,"beginx, squareoff, hold, buy"
962,2022-11-24,80,"beginx, hold, squareoff"
963,2022-11-25,140,"beginx, squareoff, hold, buy"
964,2022-11-28,80,"beginx, hold, squareoff"
965,2022-11-29,80,"beginx, hold, squareoff"
966,2022-11-30,140,"beginx, squareoff, hold, buy"
967,2022-12-01,140,"beginx, squareoff, hold, buy"
968,2022-12-02,80,"beginx, hold, squareoff"
969,2022-12-05,80,"beginx, hold, squareoff"
970,2022-12-06,140,"beginx, squareoff, hold, sell"
971,2022-12-07,220,"beginx, squareoff, hold, buy"
972,2022-12-08,140,"beginx, squareoff, hold, buy"
973,2022-12-09,220,"beginx, squareoff, hold, sell"
974,2022-12-12,140,"beginx, squareoff, hold, buy"
975,2022-12-13,80,"beginx, hold, squareoff"
976,2022-12-14,140,"beginx, squareoff, hold, buy"
977,2022-12-15,220,"beginx, squareoff, hold, sell"
978,2022-12-16,140,"beginx, squareoff, hold, sell"
979,2022-12-19,80,"beginx, hold, squareoff"
980,2022-12-20,80,"beginx, hold, squareoff"
981,2022-12-21,220,"beginx, squareoff, hold, sell"
982,2022-12-22,80,"beginx, hold, squareoff"
983,2022-12-23,80,"beginx, hold, squareoff"
984,2022-12-26,220,"beginx, squareoff, hold, buy"
985,2022-12-27,140,"beginx, squareoff, hold, buy"
986,2022-12-28,140,"beginx, squareoff, hold, sell"
987,2022-12-29,140,"beginx, squareoff, hold, buy"
988,2022-12-30,80,"beginx, hold, squareoff"
989,2023-01-02,80,"beginx, hold, squareoff"
990,2023-01-03,80,"beginx, hold, squareoff"
991,2023-01-04,80,"beginx, hold, squareoff"
992,2023-01-05,80,"beginx, hold, squareoff"
993,2023-01-06,220,"beginx, squareoff, hold, sell"
994,2023-01-09,80,"beginx, hold, squareoff"
995,2023-01-10,140,"beginx, squareoff, hold, sell"
996,2023-01-11,140,"beginx, squareoff, hold, buy"
997,2023-01-12,80,"beginx, hold, squareoff"
998,2023-01-13,220,"beginx, squareoff, hold, buy"
999,2023-01-16,140,"beginx, squareoff, hold, sell"
1000,2023-01-17,140,"beginx, squareoff, hold, buy"
1001,2023-01-18,80,"beginx, hold, squareoff"
1002,2023-01-19,140,"beginx, squareoff, hold, sell"
1003,2023-01-20,220,"beginx, squareoff, hold, buy"
1004,2023-01-23,140,"beginx, squareoff, hold, buy"
1005,2023-01-24,140,"beginx, squareoff, hold, sell"
1006,2023-01-25,80,"beginx, hold, squareoff"
1007,2023-01-27,80,"beginx, hold, squareoff"
1008,2023-01-30,140,"beginx, hold, hard-squareoff, sell"
1009,2023-01-31,140,"beginx, squareoff, hold, buy"
1010,2023-02-01,220,"beginx, squareoff, hold, sell"
1011,2023-02-02,80,"beginx, hold, squareoff"
1012,2023-02-03,220,"beginx, squareoff, hold, buy"
1013,2023-02-06,140,"beginx, squareoff, hold, sell"
1014,2023-02-07,80,"beginx, hold, squareoff"
1015,2023-02-08,80,"beginx, hold, squareoff"
1016,2023-02-09,140,"beginx, squareoff, hold, buy"
1017,2023-02-10,140,"beginx, squareoff, hold, sell"
1018,2023-02-13,80,"beginx, hold, squareoff"
1019,2023-02-14,220,"beginx, squareoff, hold, buy"
1020,2023-02-15,140,"beginx, squareoff, hold, buy"
1021,2023-02-16,80,"beginx, hold, squareoff"
1022,2023-02-17,220,"beginx, squareoff, hold, sell"
1023,2023-02-20,220,"beginx, squareoff, hold, sell"
1024,2023-02-21,140,"beginx, squareoff, hold, sell"
1025,2023-02-22,80,"beginx, hold, squareoff"
1026,2023-02-23,140,"beginx, squareoff, hold, sell"
1027,2023-02-24,220,"beginx, squareoff, hold, sell"
1028,2023-02-27,80,"beginx, hold, squareoff"
1029,2023-02-28,220,"beginx, squareoff, hold, sell"
1030,2023-03-01,80,"beginx, hold, squareoff"
1031,2023-03-02,140,"beginx, squareoff, hold, sell"
1032,2023-03-03,80,"beginx, hold, squareoff"
1033,2023-03-06,80,"beginx, hold, squareoff"
1034,2023-03-08,140,"beginx, squareoff, hold, buy"
1035,2023-03-09,140,"beginx, squareoff, hold, sell"
1036,2023-03-10,140,"beginx, squareoff, hold, sell"
1037,2023-03-13,220,"beginx, squareoff, hold, sell"
1038,2023-03-14,80,"beginx, hold, squareoff"
1039,2023-03-15,140,"beginx, squareoff, hold, sell"
1040,2023-03-16,140,"beginx, hold, hard-squareoff, buy"
1041,2023-03-17,140,"beginx, squareoff, hold, buy"
1042,2023-03-20,140,"beginx, squareoff, hold, buy"
1043,2023-03-21,80,"beginx, hold, squareoff"
1044,2023-03-22,80,"beginx, hold, squareoff"
1045,2023-03-23,140,"beginx, hold, hard-squareoff, buy"
1046,2023-03-24,140,"beginx, squareoff, hold, sell"
1047,2023-03-27,80,"beginx, hold, squareoff"
1048,2023-03-28,80,"beginx, hold, squareoff"
1049,2023-03-29,140,"beginx, squareoff, hold, buy"
1050,2023-03-31,80,"beginx, hold, squareoff"
1051,2023-04-03,80,"beginx, hold, squareoff"
1052,2023-04-05,80,"beginx, hold, squareoff"
1053,2023-04-06,80,"beginx, hold, squareoff"
1054,2023-04-10,80,"beginx, hold, squareoff"
1055,2023-04-11,140,"beginx, squareoff, hold, buy"
1056,2023-04-12,80,"beginx, hold, squareoff"
1057,2023-04-13,140,"beginx, squareoff, hold, buy"
1058,2023-04-17,80,"beginx, hold, squareoff"
1059,2023-04-18,140,"beginx, squareoff, hold, sell"
1060,2023-04-19,220,"beginx, squareoff, hold, sell"
1061,2023-04-20,140,"beginx, squareoff, hold, sell"
1062,2023-04-21,140,"beginx, hold, hard-squareoff, sell"
1063,2023-04-24,220,"beginx, squareoff, hold, buy"
1064,2023-04-25,80,"beginx, hold, squareoff"
1065,2023-04-26,140,"beginx, squareoff, hold, buy"
1066,2023-04-27,80,"beginx, hold, squareoff"
1067,2023-04-28,80,"beginx, hold, squareoff"
1068,2023-05-02,80,"beginx, hold, squareoff"
1069,2023-05-03,140,"beginx, squareoff, hold, buy"
1070,2023-05-04,80,"beginx, hold, squareoff"
1071,2023-05-05,140,"beginx, squareoff, hold, sell"
1072,2023-05-08,140,"beginx, squareoff, hold, buy"
1073,2023-05-09,80,"beginx, hold, squareoff"
1074,2023-05-10,140,"beginx, squareoff, hold, buy"
1075,2023-05-11,140,"beginx, squareoff, hold, sell"
1076,2023-05-12,140,"beginx, squareoff, hold, buy"
1077,2023-05-15,80,"beginx, hold, squareoff"
1078,2023-05-16,140,"beginx, squareoff, hold, sell"
1079,2023-05-17,80,"beginx, hold, squareoff"
1080,2023-05-18,140,"beginx, squareoff, hold, sell"
1081,2023-05-19,140,"beginx, squareoff, hold, buy"
1082,2023-05-22,80,"beginx, hold, squareoff"
1083,2023-05-23,80,"beginx, hold, squareoff"
1084,2023-05-24,220,"beginx, squareoff, hold, sell"
1085,2023-05-25,80,"beginx, hold, squareoff"
1086,2023-05-26,80,"beginx, hold, squareoff"
1087,2023-05-29,140,"beginx, squareoff, hold, buy"
1088,2023-05-30,220,"beginx, squareoff, hold, sell"
1089,2023-05-31,80,"beginx, hold, squareoff"
1090,2023-06-01,140,"beginx, squareoff, hold, sell"
1091,2023-06-02,140,"beginx, squareoff, hold, buy"
1092,2023-06-05,140,"beginx, squareoff, hold, buy"
1093,2023-06-06,140,"beginx, squareoff, hold, sell"
1094,2023-06-07,80,"beginx, hold, squareoff"
1095,2023-06-08,80,"beginx, hold, squareoff"
1096,2023-06-09,140,"beginx, squareoff, hold, sell"
1097,2023-06-12,80,"beginx, hold, squareoff"
1098,2023-06-13,140,"beginx, squareoff, hold, buy"
1099,2023-06-14,80,"beginx, hold, squareoff"
1100,2023-06-15,220,"beginx, squareoff, hold, sell"
1101,2023-06-16,220,"beginx, squareoff, hold, buy"
1102,2023-06-19,140,"beginx, squareoff, hold, sell"
1103,2023-06-20,80,"beginx, hold, squareoff"
1104,2023-06-21,140,"beginx, squareoff, hold, buy"
1105,2023-06-22,140,"beginx, squareoff, hold, sell"
1106,2023-06-23,140,"beginx, squareoff, hold, sell"
1107,2023-06-26,140,"beginx, squareoff, hold, sell"
1108,2023-06-27,220,"beginx, squareoff, hold, buy"
1109,2023-06-28,80,"beginx, hold, squareoff"
1110,2023-06-30,80,"beginx, hold, squareoff"
1111,2023-07-03,140,"beginx, squareoff, hold, buy"
1112,2023-07-04,80,"beginx, hold, squareoff"
1113,2023-07-05,140,"beginx, squareoff, hold, sell"
1114,2023-07-06,80,"beginx, hold, squareoff"
1115,2023-07-07,220,"beginx, squareoff, hold, sell"
1116,2023-07-10,80,"beginx, hold, squareoff"
1117,2023-07-11,80,"beginx, hold, squareoff"
1118,2023-07-12,80,"beginx, hold, squareoff"
1119,2023-07-13,80,"beginx, hold, squareoff"
1120,2023-07-14,140,"beginx, squareoff, hold, buy"
1121,2023-07-17,80,"beginx, hold, squareoff"
1122,2023-07-18,80,"beginx, hold, squareoff"
1123,2023-07-19,140,"beginx, squareoff, hold, buy"
1124,2023-07-20,220,"beginx, squareoff, hold, buy"
1125,2023-07-21,140,"beginx, squareoff, hold, sell"
1126,2023-07-24,80,"beginx, hold, squareoff"
1127,2023-07-25,80,"beginx, hold, squareoff"
1128,2023-07-26,140,"beginx, squareoff, hold, buy"
1129,2023-07-27,220,"beginx, squareoff, hold, sell"
1130,2023-07-28,80,"beginx, hold, squareoff"
1131,2023-07-31,80,"beginx, hold, squareoff"
1132,2023-08-01,80,"beginx, hold, squareoff"
1133,2023-08-02,80,"beginx, hold, hard-squareoff"
1134,2023-08-03,220,"beginx, squareoff, hold, sell"
1135,2023-08-04,80,"beginx, hold, squareoff"
1136,2023-08-07,140,"beginx, squareoff, hold, buy"
1137,2023-08-08,80,"beginx, hold, squareoff"
1138,2023-08-09,220,"beginx, squareoff, hold, buy"
1139,2023-08-10,140,"beginx, hold, hard-squareoff, sell"
1140,2023-08-11,80,"beginx, hold, squareoff"
1141,2023-08-14,140,"beginx, squareoff, hold, buy"
1142,2023-08-16,140,"beginx, squareoff, hold, buy"
1143,2023-08-17,140,"beginx, squareoff, hold, sell"
1144,2023-08-18,140,"beginx, hold, hard-squareoff, sell"
1145,2023-08-21,140,"beginx, squareoff, hold, buy"
1146,2023-08-22,140,"beginx, squareoff, hold, buy"
1147,2023-08-23,80,"beginx, hold, squareoff"
1148,2023-08-24,140,"beginx, squareoff, hold, sell"
1149,2023-08-25,140,"beginx, squareoff, hold, sell"
1150,2023-08-28,80,"beginx, hold, squareoff"
1151,2023-08-29,220,"beginx, squareoff, hold, buy"
1152,2023-08-30,80,"beginx, hold, squareoff"
1153,2023-08-31,220,"beginx, squareoff, hold, sell"
1154,2023-09-01,220,"beginx, squareoff, hold, buy"
1155,2023-09-04,140,"beginx, squareoff, hold, buy"
1156,2023-09-05,140,"beginx, squareoff, hold, buy"
1157,2023-09-06,140,"beginx, squareoff, hold, sell"
1158,2023-09-07,80,"beginx, hold, hard-squareoff"
1159,2023-09-08,80,"beginx, hold, squareoff"
1160,2023-09-11,80,"beginx, hold, squareoff"
1161,2023-09-12,80,"beginx, hold, squareoff"
1162,2023-09-13,220,"beginx, squareoff, hold, buy"
1163,2023-09-14,80,"beginx, hold, squareoff"
1164,2023-09-15,80,"beginx, hold, squareoff"
1165,2023-09-18,140,"beginx, squareoff, hold, sell"
1166,2023-09-20,80,"beginx, hold, squareoff"
1167,2023-09-21,80,"beginx, hold, squareoff"
1168,2023-09-22,140,"beginx, squareoff, hold, sell"
1169,2023-09-25,80,"beginx, hold, squareoff"
1170,2023-09-26,220,"beginx, squareoff, hold, sell"
1171,2023-09-27,140,"beginx, squareoff, hold, buy"
1172,2023-09-28,220,"beginx, squareoff, hold, sell"
1173,2023-09-29,220,"beginx, squareoff, hold, buy"
1174,2023-10-03,80,"beginx, hold, squareoff"
1175,2023-10-04,80,"beginx, hold, squareoff"
1176,2023-10-05,220,"beginx, squareoff, hold, buy"
1177,2023-10-06,80,"beginx, hold, squareoff"
1178,2023-10-09,140,"beginx, squareoff, hold, sell"
1179,2023-10-10,220,"beginx, squareoff, hold, buy"
1180,2023-10-11,140,"beginx, squareoff, hold, buy"
1181,2023-10-12,140,"beginx, squareoff, hold, sell"
1182,2023-10-13,80,"beginx, hold, squareoff"
1183,2023-10-16,80,"beginx, hold, squareoff"
1184,2023-10-17,140,"beginx, hold, hard-squareoff, buy"
1185,2023-10-18,220,"beginx, squareoff, hold, sell"
1186,2023-10-19,80,"beginx, hold, squareoff"
1187,2023-10-20,140,"beginx, squareoff, hold, sell"
1188,2023-10-23,80,"beginx, hold, hard-squareoff"
1189,2023-10-25,80,"beginx, hold, squareoff"
1190,2023-10-26,80,"beginx, hold, squareoff"
1191,2023-10-27,80,"beginx, hold, squareoff"
1192,2023-10-30,80,"beginx, hold, squareoff"
1193,2023-10-31,140,"beginx, squareoff, hold, sell"
1194,2023-11-01,80,"beginx, hold, squareoff"
1195,2023-11-02,140,"beginx, squareoff, hold, buy"
1196,2023-11-03,140,"beginx, squareoff, hold, buy"
1197,2023-11-06,220,"beginx, squareoff, hold, buy"
1198,2023-11-07,140,"beginx, squareoff, hold, buy"
1199,2023-11-08,140,"beginx, squareoff, hold, buy"
1200,2023-11-09,220,"beginx, squareoff, hold, buy"
1201,2023-11-10,140,"beginx, squareoff, hold, buy"
1202,2023-11-13,80,"beginx, hold, squareoff"
1203,2023-11-15,80,"beginx, hold, squareoff"
1204,2023-11-16,80,"beginx, hold, squareoff"
1205,2023-11-17,80,"beginx, hold, squareoff"
1206,2023-11-20,140,"beginx, squareoff, hold, sell"
1207,2023-11-21,220,"beginx, squareoff, hold, buy"
1208,2023-11-22,220,"beginx, squareoff, hold, sell"
1209,2023-11-23,80,"beginx, hold, squareoff"
1210,2023-11-24,80,"beginx, hold, squareoff"
1211,2023-11-28,220,"beginx, squareoff, hold, buy"
1212,2023-11-29,80,"beginx, hold, squareoff"
1213,2023-11-30,140,"beginx, squareoff, hold, buy"
1214,2023-12-01,80,"beginx, hold, squareoff"
1215,2023-12-04,80,"beginx, hold, squareoff"
1216,2023-12-05,220,"beginx, squareoff, hold, buy"
1217,2023-12-06,140,"beginx, squareoff, hold, buy"
1218,2023-12-07,140,"beginx, squareoff, hold, sell"
1219,2023-12-08,140,"beginx, hold, hard-squareoff, sell"
1220,2023-12-11,140,"beginx, squareoff, hold, buy"
1221,2023-12-12,220,"beginx, squareoff, hold, sell"
1222,2023-12-13,80,"beginx, hold, squareoff"
1223,2023-12-14,80,"beginx, hold, squareoff"
1224,2023-12-15,80,"beginx, hold, hard-squareoff"
1225,2023-12-18,80,"beginx, hold, squareoff"
1226,2023-12-19,140,"beginx, squareoff, hold, buy"
1227,2023-12-20,220,"beginx, squareoff, hold, sell"
1228,2023-12-21,80,"beginx, hold, squareoff"
1229,2023-12-22,140,"beginx, squareoff, hold, buy"
1230,2023-12-26,80,"beginx, hold, squareoff"
1231,2023-12-27,80,"beginx, hold, squareoff"
1232,2023-12-28,80,"beginx, hold, squareoff"
1233,2023-12-29,140,"beginx, hold, hard-squareoff, sell"
1234,2024-01-01,140,"beginx, squareoff, hold, sell"
1235,2024-01-02,80,"beginx, hold, squareoff"
1236,2024-01-03,80,"beginx, hold, squareoff"
1237,2024-01-04,140,"beginx, squareoff, hold, buy"
1238,2024-01-05,140,"beginx, squareoff, hold, buy"
1239,2024-01-08,140,"beginx, squareoff, hold, sell"
1240,2024-01-09,140,"beginx, hold, hard-squareoff, buy"
1241,2024-01-10,80,"beginx, hold, squareoff"
1242,2024-01-11,80,"beginx, hold, squareoff"
1243,2024-01-12,80,"beginx, hold, hard-squareoff"
1244,2024-01-15,80,"beginx, hold, squareoff"
1245,2024-01-16,80,"beginx, hold, squareoff"
1246,2024-01-17,80,"beginx, hold, squareoff"
1247,2024-01-18,80,"beginx, hold, squareoff"
1248,2024-01-19,140,"beginx, squareoff, hold, buy"
1249,2024-01-20,80,"beginx, hold, squareoff"
1250,2024-01-23,220,"beginx, squareoff, hold, sell"
1251,2024-01-24,140,"beginx, squareoff, hold, buy"
1252,2024-01-25,140,"beginx, squareoff, hold, sell"
1253,2024-01-29,80,"beginx, hold, squareoff"
1254,2024-01-30,80,"beginx, hold, squareoff"
1255,2024-01-31,140,"beginx, hold, hard-squareoff, buy"
1256,2024-02-01,140,"beginx, squareoff, hold, sell"
1257,2024-02-02,80,"beginx, hold, squareoff"
1258,2024-02-05,220,"beginx, squareoff, hold, buy"
1259,2024-02-06,140,"beginx, squareoff, hold, buy"
1260,2024-02-07,80,"beginx, hold, squareoff"
1261,2024-02-08,220,"beginx, squareoff, hold, sell"
1262,2024-02-09,80,"beginx, hold, squareoff"
1263,2024-02-12,140,"beginx, hold, hard-squareoff, sell"
1264,2024-02-13,140,"beginx, squareoff, hold, buy"
1265,2024-02-14,80,"beginx, hold, squareoff"
1266,2024-02-15,80,"beginx, hold, squareoff"
1267,2024-02-16,80,"beginx, hold, squareoff"
1268,2024-02-19,80,"beginx, hold, squareoff"
1269,2024-02-20,140,"beginx, squareoff, hold, buy"
1270,2024-02-21,140,"beginx, hold, hard-squareoff, buy"
1271,2024-02-22,140,"beginx, squareoff, hold, buy"
1272,2024-02-23,140,"beginx, squareoff, hold, buy"
1273,2024-02-26,140,"beginx, hold, hard-squareoff, sell"
1274,2024-02-27,220,"beginx, squareoff, hold, sell"
1275,2024-02-28,220,"beginx, squareoff, hold, sell"
1276,2024-02-29,80,"beginx, hold, squareoff"
1277,2024-03-01,80,"beginx, hold, squareoff"
1278,2024-03-04,140,"beginx, squareoff, hold, buy"
1279,2024-03-05,140,"beginx, hold, hard-squareoff, buy"
1280,2024-03-06,140,"beginx, hold, hard-squareoff, sell"
1281,2024-03-07,140,"beginx, squareoff, hold, buy"
1282,2024-03-11,140,"beginx, squareoff, hold, sell"
1283,2024-03-12,80,"beginx, hold, squareoff"
1284,2024-03-13,220,"beginx, squareoff, hold, sell"
1285,2024-03-14,80,"beginx, hold, squareoff"
1286,2024-03-15,80,"beginx, hold, squareoff"
1287,2024-03-18,220,"beginx, squareoff, hold, sell"
1288,2024-03-19,80,"beginx, hold, squareoff"
1289,2024-03-20,140,"beginx, hold, hard-squareoff, buy"
1290,2024-03-21,80,"beginx, hold, squareoff"
1291,2024-03-22,140,"beginx, squareoff, hold, buy"
1292,2024-03-26,80,"beginx, hold, squareoff"
1293,2024-03-27,80,"beginx, hold, squareoff"
1294,2024-03-28,80,"beginx, hold, squareoff"
1295,2024-04-01,140,"beginx, squareoff, hold, buy"
1296,2024-04-02,140,"beginx, squareoff, hold, sell"
1297,2024-04-03,140,"beginx, squareoff, hold, buy"
1298,2024-04-04,140,"beginx, hold, hard-squareoff, sell"
1299,2024-04-05,140,"beginx, squareoff, hold, buy"
1300,2024-04-08,80,"beginx, hold, squareoff"
1301,2024-04-09,140,"beginx, squareoff, hold, sell"
1302,2024-04-10,140,"beginx, squareoff, hold, buy"
1303,2024-04-12,80,"beginx, hold, squareoff"
1304,2024-04-15,140,"beginx, squareoff, hold, sell"
1305,2024-04-16,80,"beginx, hold, squareoff"
1306,2024-04-18,140,"beginx, hold, hard-squareoff, sell"
1307,2024-04-19,80,"beginx, hold, hard-squareoff"
1308,2024-04-22,140,"beginx, squareoff, hold, buy"
1309,2024-04-23,140,"beginx, squareoff, hold, buy"
1310,2024-04-24,80,"beginx, hold, squareoff"
1311,2024-04-25,140,"beginx, hold, hard-squareoff, buy"
1312,2024-04-26,80,"beginx, hold, squareoff"
1313,2024-04-29,220,"beginx, squareoff, hold, buy"
1314,2024-04-30,80,"beginx, hold, squareoff"
1315,2024-05-02,80,"beginx, hold, squareoff"
1316,2024-05-03,220,"beginx, squareoff, hold, sell"
1317,2024-05-06,140,"beginx, squareoff, hold, sell"
1318,2024-05-07,140,"beginx, squareoff, hold, sell"
1319,2024-05-08,80,"beginx, hold, squareoff"
1320,2024-05-09,80,"beginx, hold, squareoff"
1321,2024-05-10,80,"beginx, hold, squareoff"
1322,2024-05-13,140,"beginx, squareoff, hold, buy"
1323,2024-05-14,80,"beginx, hold, squareoff"
1324,2024-05-15,80,"beginx, hold, squareoff"
1325,2024-05-16,220,"beginx, squareoff, hold, sell"
1326,2024-05-17,80,"beginx, hold, squareoff"
